{
  "dept_data":[
    {
      "dept_name":"CSE",
      "dept-link":"#"
    },
    {
      "dept_name":"ECE",
      "dept-link":"#"
    },
    {
      "dept_name":"EE",
      "dept-link":"#"
    },
    {
      "dept_name":"ME",
      "dept-link":"#"
    },
    {
      "dept_name":"EX",
      "dept-link":"#"
    },
    {
      "dept_name":"MCA",
      "dept-link":"#"
    },
    {
      "dept_name":"Civil",
      "dept-link":"#"
    },
    {
      "dept_name":"IT",
      "dept-link":"#"
    }
  ]
}